{
  "project_info": {
    "project_number": "1053145723674",
    "firebase_url": "https://hackaton-709f6-default-rtdb.firebaseio.com",
    "project_id": "hackaton-709f6",
    "storage_bucket": "hackaton-709f6.appspot.com"
  },
  "client": [
    {
      "client_info": {
        "mobilesdk_app_id": "1:1053145723674:android:7890a9706996fb3e3d72a3",
        "android_client_info": {
          "package_name": "com.example.hackaton"
        }
      },
      "oauth_client": [],
      "api_key": [
        {
          "current_key": "AIzaSyDeImTDEyzwNYN4ZTkjdagA1rVI5mJza50"
        }
      ],
      "services": {
        "appinvite_service": {
          "other_platform_oauth_client": []
        }
      }
    }
  ],
  "configuration_version": "1"
}